Country,Item Type,Units Sold
Afghanistan,Cosmetics,217192
Afghanistan,Baby Food,232084
Afghanistan,Vegetables,219937
Afghanistan,Household,261953
Afghanistan,Cereal,256936
Afghanistan,Clothes,220429
Afghanistan,Personal Care,255956
Afghanistan,Beverages,206154
Afghanistan,Fruits,257336
Afghanistan,Snacks,237350
Afghanistan,Office Supplies,166911
Afghanistan,Meat,273402
Albania,Cereal,215238
Albania,Clothes,250884
Albania,Baby Food,191480
Albania,Meat,266123
Albania,Snacks,210384
Albania,Fruits,252283
Albania,Beverages,188950
Albania,Office Supplies,236822
Albania,Personal Care,222874
Albania,Household,230929
Albania,Cosmetics,204699
Albania,Vegetables,276459
Algeria,Cereal,251776
Algeria,Fruits,191078
Algeria,Clothes,170761
Algeria,Household,204080
Algeria,Office Supplies,252459
Algeria,Cosmetics,199119
Algeria,Beverages,200062
Algeria,Personal Care,231400
Algeria,Vegetables,193077
Algeria,Meat,165507
Algeria,Snacks,237042
Algeria,Baby Food,197639
Andorra,Clothes,271020
Andorra,Baby Food,221118
Andorra,Vegetables,204059
Andorra,Personal Care,229818
Andorra,Cereal,254702
Andorra,Household,170319
Andorra,Beverages,206224
Andorra,Meat,216840
Andorra,Snacks,211597
Andorra,Office Supplies,210968
Andorra,Cosmetics,177337
Andorra,Fruits,266342
Angola,Fruits,180784
Angola,Office Supplies,207410
Angola,Baby Food,190214
Angola,Vegetables,180549
Angola,Beverages,198065
Angola,Snacks,149525
Angola,Cosmetics,183276
Angola,Cereal,180977
Angola,Household,180601
Angola,Personal Care,211170
Angola,Clothes,232193
Angola,Meat,181500
Antigua and Barbuda ,Meat,244874
Antigua and Barbuda ,Vegetables,187430
Antigua and Barbuda ,Beverages,256297
Antigua and Barbuda ,Baby Food,172512
Antigua and Barbuda ,Snacks,221038
Antigua and Barbuda ,Personal Care,216365
Antigua and Barbuda ,Household,162439
Antigua and Barbuda ,Fruits,236033
Antigua and Barbuda ,Clothes,156355
Antigua and Barbuda ,Cereal,234241
Antigua and Barbuda ,Office Supplies,252889
Antigua and Barbuda ,Cosmetics,235306
Armenia,Meat,163220
Armenia,Clothes,208183
Armenia,Fruits,236362
Armenia,Household,294290
Armenia,Snacks,183420
Armenia,Office Supplies,246270
Armenia,Beverages,160964
Armenia,Cosmetics,240449
Armenia,Vegetables,200301
Armenia,Cereal,185201
Armenia,Personal Care,208868
Armenia,Baby Food,209633
Australia,Vegetables,325292
Australia,Office Supplies,138774
Australia,Cereal,255293
Australia,Baby Food,268011
Australia,Cosmetics,299283
Australia,Fruits,252476
Australia,Beverages,178864
Australia,Household,291921
Australia,Snacks,238481
Australia,Personal Care,219193
Australia,Meat,193249
Australia,Clothes,254794
Austria,Vegetables,176280
Austria,Personal Care,168929
Austria,Office Supplies,258301
Austria,Household,218792
Austria,Cereal,234902
Austria,Meat,226410
Austria,Cosmetics,308664
Austria,Fruits,203586
Austria,Snacks,184453
Austria,Baby Food,168348
Austria,Beverages,203497
Austria,Clothes,186228
Azerbaijan,Personal Care,210390
Azerbaijan,Cereal,214414
Azerbaijan,Clothes,176400
Azerbaijan,Fruits,260471
Azerbaijan,Snacks,265419
Azerbaijan,Meat,282342
Azerbaijan,Vegetables,263450
Azerbaijan,Household,241963
Azerbaijan,Baby Food,239636
Azerbaijan,Office Supplies,195291
Azerbaijan,Cosmetics,228787
Azerbaijan,Beverages,183094
Bahrain,Beverages,230040
Bahrain,Baby Food,219303
Bahrain,Fruits,197208
Bahrain,Snacks,205580
Bahrain,Cereal,210473
Bahrain,Meat,217133
Bahrain,Cosmetics,241002
Bahrain,Household,269856
Bahrain,Personal Care,212831
Bahrain,Vegetables,258919
Bahrain,Clothes,228628
Bahrain,Office Supplies,356759
Bangladesh,Fruits,196439
Bangladesh,Cereal,207931
Bangladesh,Baby Food,271906
Bangladesh,Clothes,250897
Bangladesh,Beverages,211659
Bangladesh,Household,229870
Bangladesh,Office Supplies,213618
Bangladesh,Cosmetics,245841
Bangladesh,Snacks,294867
Bangladesh,Meat,238708
Bangladesh,Personal Care,252165
Bangladesh,Vegetables,193711
Barbados,Baby Food,227496
Barbados,Clothes,213619
Barbados,Cosmetics,261052
Barbados,Snacks,201734
Barbados,Vegetables,145285
Barbados,Office Supplies,292391
Barbados,Household,230338
Barbados,Personal Care,159084
Barbados,Beverages,133968
Barbados,Cereal,186296
Barbados,Meat,204950
Barbados,Fruits,290889
Belarus,Household,271001
Belarus,Vegetables,211011
Belarus,Clothes,204034
Belarus,Snacks,245899
Belarus,Beverages,216333
Belarus,Baby Food,247181
Belarus,Office Supplies,260290
Belarus,Cosmetics,133560
Belarus,Cereal,262755
Belarus,Personal Care,235653
Belarus,Fruits,173439
Belarus,Meat,205192
Belgium,Vegetables,205692
Belgium,Beverages,234586
Belgium,Cosmetics,215862
Belgium,Office Supplies,261832
Belgium,Snacks,191887
Belgium,Clothes,239541
Belgium,Baby Food,192652
Belgium,Meat,259928
Belgium,Cereal,220701
Belgium,Fruits,237977
Belgium,Household,233468
Belgium,Personal Care,250074
Belize,Vegetables,243750
Belize,Cereal,210928
Belize,Snacks,223662
Belize,Household,278523
Belize,Clothes,217089
Belize,Baby Food,181355
Belize,Personal Care,266511
Belize,Beverages,252352
Belize,Meat,203692
Belize,Cosmetics,230820
Belize,Office Supplies,180046
Belize,Fruits,195938
Benin,Household,307176
Benin,Clothes,188420
Benin,Personal Care,171156
Benin,Snacks,265194
Benin,Cereal,239097
Benin,Vegetables,196037
Benin,Office Supplies,178262
Benin,Fruits,178175
Benin,Baby Food,283681
Benin,Cosmetics,316702
Benin,Meat,224865
Benin,Beverages,193070
Bhutan,Beverages,186925
Bhutan,Fruits,216724
Bhutan,Baby Food,292042
Bhutan,Office Supplies,225700
Bhutan,Vegetables,189898
Bhutan,Personal Care,180419
Bhutan,Meat,211379
Bhutan,Household,256961
Bhutan,Cereal,279452
Bhutan,Snacks,218921
Bhutan,Clothes,236686
Bhutan,Cosmetics,197918
Bosnia and Herzegovina,Cosmetics,176488
Bosnia and Herzegovina,Office Supplies,221670
Bosnia and Herzegovina,Personal Care,213165
Bosnia and Herzegovina,Household,234761
Bosnia and Herzegovina,Beverages,230512
Bosnia and Herzegovina,Baby Food,221119
Bosnia and Herzegovina,Cereal,186126
Bosnia and Herzegovina,Vegetables,224558
Bosnia and Herzegovina,Meat,264739
Bosnia and Herzegovina,Fruits,222085
Bosnia and Herzegovina,Clothes,229263
Bosnia and Herzegovina,Snacks,224473
Botswana,Vegetables,234726
Botswana,Personal Care,241420
Botswana,Household,241337
Botswana,Snacks,185196
Botswana,Meat,278415
Botswana,Beverages,179837
Botswana,Cosmetics,188285
Botswana,Cereal,292829
Botswana,Office Supplies,178141
Botswana,Fruits,307016
Botswana,Clothes,229302
Botswana,Baby Food,256623
Brunei,Cosmetics,235598
Brunei,Clothes,247212
Brunei,Beverages,216361
Brunei,Vegetables,194437
Brunei,Cereal,148446
Brunei,Household,172762
Brunei,Snacks,220787
Brunei,Personal Care,245774
Brunei,Fruits,312048
Brunei,Baby Food,259288
Brunei,Office Supplies,249720
Brunei,Meat,253844
Bulgaria,Personal Care,211727
Bulgaria,Clothes,286415
Bulgaria,Baby Food,237603
Bulgaria,Household,239249
Bulgaria,Meat,225774
Bulgaria,Vegetables,288188
Bulgaria,Snacks,186363
Bulgaria,Beverages,314458
Bulgaria,Cereal,220885
Bulgaria,Office Supplies,268392
Bulgaria,Fruits,169537
Bulgaria,Cosmetics,196264
Burkina Faso,Office Supplies,247528
Burkina Faso,Cereal,186547
Burkina Faso,Baby Food,244600
Burkina Faso,Personal Care,239430
Burkina Faso,Vegetables,196334
Burkina Faso,Household,219091
Burkina Faso,Meat,176460
Burkina Faso,Beverages,188439
Burkina Faso,Cosmetics,247638
Burkina Faso,Fruits,245116
Burkina Faso,Snacks,180558
Burkina Faso,Clothes,162859
Burundi,Personal Care,150636
Burundi,Office Supplies,253357
Burundi,Vegetables,170335
Burundi,Beverages,251713
Burundi,Clothes,231503
Burundi,Snacks,257697
Burundi,Fruits,232244
Burundi,Household,228338
Burundi,Baby Food,224655
Burundi,Cosmetics,275695
Burundi,Meat,208028
Burundi,Cereal,258350
Cambodia,Beverages,268159
Cambodia,Fruits,243455
Cambodia,Vegetables,265004
Cambodia,Snacks,242991
Cambodia,Household,263389
Cambodia,Meat,301028
Cambodia,Baby Food,226327
Cambodia,Cereal,293759
Cambodia,Office Supplies,167303
Cambodia,Personal Care,263129
Cambodia,Cosmetics,198427
Cambodia,Clothes,213992
Cameroon,Meat,235687
Cameroon,Vegetables,249371
Cameroon,Cereal,174881
Cameroon,Cosmetics,213619
Cameroon,Office Supplies,276657
Cameroon,Household,230769
Cameroon,Baby Food,287125
Cameroon,Beverages,250123
Cameroon,Clothes,211326
Cameroon,Fruits,160515
Cameroon,Snacks,172389
Cameroon,Personal Care,185491
Canada,Clothes,194125
Canada,Beverages,248748
Canada,Meat,205177
Canada,Household,219832
Canada,Personal Care,219228
Canada,Baby Food,210112
Canada,Office Supplies,250210
Canada,Snacks,258341
Canada,Fruits,247987
Canada,Vegetables,238935
Canada,Cereal,250137
Canada,Cosmetics,274144
Cape Verde,Vegetables,170825
Cape Verde,Cosmetics,273056
Cape Verde,Baby Food,245031
Cape Verde,Fruits,208159
Cape Verde,Household,228755
Cape Verde,Clothes,215627
Cape Verde,Personal Care,217704
Cape Verde,Cereal,254599
Cape Verde,Snacks,192158
Cape Verde,Beverages,190891
Cape Verde,Meat,301964
Cape Verde,Office Supplies,174481
Central African Republic,Meat,222319
Central African Republic,Baby Food,219324
Central African Republic,Snacks,278151
Central African Republic,Office Supplies,193790
Central African Republic,Household,235021
Central African Republic,Personal Care,250515
Central African Republic,Cereal,174769
Central African Republic,Cosmetics,217994
Central African Republic,Clothes,203195
Central African Republic,Vegetables,203089
Central African Republic,Beverages,230221
Central African Republic,Fruits,244302
Chad,Snacks,184306
Chad,Household,177463
Chad,Beverages,219541
Chad,Baby Food,199155
Chad,Cosmetics,233088
Chad,Personal Care,193148
Chad,Clothes,221457
Chad,Meat,247071
Chad,Fruits,178523
Chad,Vegetables,217533
Chad,Cereal,268291
Chad,Office Supplies,320885
China,Fruits,193494
China,Beverages,215160
China,Cosmetics,179748
China,Baby Food,204896
China,Snacks,221596
China,Personal Care,302526
China,Meat,242350
China,Office Supplies,214150
China,Clothes,297651
China,Vegetables,247419
China,Household,234853
China,Cereal,212193
Comoros,Vegetables,216381
Comoros,Cosmetics,235193
Comoros,Clothes,253532
Comoros,Household,220423
Comoros,Baby Food,196412
Comoros,Meat,230691
Comoros,Office Supplies,212651
Comoros,Fruits,176477
Comoros,Beverages,269167
Comoros,Personal Care,209145
Comoros,Snacks,200551
Comoros,Cereal,136167
Costa Rica,Personal Care,156395
Costa Rica,Clothes,237022
Costa Rica,Fruits,227780
Costa Rica,Baby Food,233001
Costa Rica,Office Supplies,258795
Costa Rica,Meat,261476
Costa Rica,Beverages,205937
Costa Rica,Snacks,235184
Costa Rica,Cosmetics,195955
Costa Rica,Vegetables,269604
Costa Rica,Cereal,278154
Costa Rica,Household,232711
Cote d'Ivoire,Meat,174831
Cote d'Ivoire,Vegetables,244621
Cote d'Ivoire,Household,224494
Cote d'Ivoire,Baby Food,181297
Cote d'Ivoire,Beverages,271238
Cote d'Ivoire,Clothes,321725
Cote d'Ivoire,Office Supplies,193319
Cote d'Ivoire,Personal Care,264389
Cote d'Ivoire,Cosmetics,228446
Cote d'Ivoire,Cereal,235789
Cote d'Ivoire,Fruits,209012
Cote d'Ivoire,Snacks,262434
Croatia,Cosmetics,228992
Croatia,Vegetables,255304
Croatia,Clothes,224993
Croatia,Snacks,237378
Croatia,Office Supplies,216981
Croatia,Household,208881
Croatia,Baby Food,274353
Croatia,Personal Care,154828
Croatia,Beverages,277811
Croatia,Meat,274048
Croatia,Fruits,257281
Croatia,Cereal,246559
Cuba,Personal Care,204475
Cuba,Office Supplies,253621
Cuba,Fruits,293746
Cuba,Household,241962
Cuba,Meat,287787
Cuba,Vegetables,127203
Cuba,Snacks,210795
Cuba,Beverages,217542
Cuba,Clothes,196615
Cuba,Cosmetics,256659
Cuba,Cereal,215206
Cuba,Baby Food,244343
Cyprus,Office Supplies,248285
Cyprus,Vegetables,170416
Cyprus,Clothes,192493
Cyprus,Baby Food,203635
Cyprus,Fruits,207118
Cyprus,Beverages,249002
Cyprus,Snacks,229324
Cyprus,Meat,178512
Cyprus,Cereal,243529
Cyprus,Household,211797
Cyprus,Cosmetics,191292
Cyprus,Personal Care,252060
Czech Republic,Personal Care,230386
Czech Republic,Beverages,211145
Czech Republic,Snacks,252570
Czech Republic,Baby Food,245617
Czech Republic,Cereal,222241
Czech Republic,Clothes,216582
Czech Republic,Vegetables,245752
Czech Republic,Cosmetics,214884
Czech Republic,Household,197168
Czech Republic,Office Supplies,237127
Czech Republic,Fruits,188719
Czech Republic,Meat,191220
Democratic Republic of the Congo,Cosmetics,232428
Democratic Republic of the Congo,Beverages,298827
Democratic Republic of the Congo,Snacks,255942
Democratic Republic of the Congo,Fruits,159974
Democratic Republic of the Congo,Clothes,183508
Democratic Republic of the Congo,Vegetables,173015
Democratic Republic of the Congo,Personal Care,207446
Democratic Republic of the Congo,Office Supplies,190622
Democratic Republic of the Congo,Cereal,173941
Democratic Republic of the Congo,Household,210532
Democratic Republic of the Congo,Meat,251765
Democratic Republic of the Congo,Baby Food,235491
Denmark,Cosmetics,238126
Denmark,Household,239774
Denmark,Clothes,227195
Denmark,Beverages,182378
Denmark,Meat,185775
Denmark,Office Supplies,211146
Denmark,Baby Food,224717
Denmark,Snacks,192910
Denmark,Personal Care,314245
Denmark,Fruits,212944
Denmark,Vegetables,274671
Denmark,Cereal,236438
Djibouti,Cereal,195785
Djibouti,Snacks,226803
Djibouti,Household,252824
Djibouti,Baby Food,242748
Djibouti,Meat,214032
Djibouti,Clothes,252388
Djibouti,Vegetables,263118
Djibouti,Beverages,241575
Djibouti,Fruits,157310
Djibouti,Office Supplies,228179
Djibouti,Personal Care,209543
Djibouti,Cosmetics,215240
Dominica,Beverages,217693
Dominica,Cosmetics,222122
Dominica,Household,216911
Dominica,Cereal,156861
Dominica,Fruits,228861
Dominica,Personal Care,270791
Dominica,Meat,222963
Dominica,Baby Food,199731
Dominica,Vegetables,213780
Dominica,Office Supplies,226023
Dominica,Clothes,267093
Dominica,Snacks,224054
Dominican Republic,Meat,287612
Dominican Republic,Cereal,179161
Dominican Republic,Personal Care,176164
Dominican Republic,Cosmetics,311727
Dominican Republic,Fruits,180800
Dominican Republic,Vegetables,204612
Dominican Republic,Household,185675
Dominican Republic,Snacks,234480
Dominican Republic,Clothes,212303
Dominican Republic,Office Supplies,232310
Dominican Republic,Beverages,224638
Dominican Republic,Baby Food,187230
East Timor,Cosmetics,208191
East Timor,Clothes,303516
East Timor,Office Supplies,227081
East Timor,Personal Care,315614
East Timor,Meat,241922
East Timor,Beverages,283482
East Timor,Fruits,153869
East Timor,Cereal,160890
East Timor,Baby Food,225425
East Timor,Household,211755
East Timor,Vegetables,259588
East Timor,Snacks,250446
Egypt,Beverages,208184
Egypt,Cosmetics,213211
Egypt,Cereal,163598
Egypt,Household,257077
Egypt,Vegetables,288980
Egypt,Personal Care,277961
Egypt,Fruits,181024
Egypt,Baby Food,248483
Egypt,Snacks,249517
Egypt,Clothes,306569
Egypt,Office Supplies,200255
Egypt,Meat,235745
El Salvador,Snacks,264759
El Salvador,Clothes,242815
El Salvador,Vegetables,199280
El Salvador,Cereal,290700
El Salvador,Beverages,215278
El Salvador,Fruits,231089
El Salvador,Personal Care,191796
El Salvador,Cosmetics,207531
El Salvador,Office Supplies,244859
El Salvador,Meat,206775
El Salvador,Household,284689
El Salvador,Baby Food,270797
Equatorial Guinea,Beverages,203857
Equatorial Guinea,Vegetables,215658
Equatorial Guinea,Household,194906
Equatorial Guinea,Office Supplies,225652
Equatorial Guinea,Cosmetics,279680
Equatorial Guinea,Personal Care,199606
Equatorial Guinea,Meat,198859
Equatorial Guinea,Cereal,253185
Equatorial Guinea,Clothes,258024
Equatorial Guinea,Fruits,221482
Equatorial Guinea,Snacks,177586
Equatorial Guinea,Baby Food,280813
Eritrea,Vegetables,205455
Eritrea,Fruits,205446
Eritrea,Snacks,212503
Eritrea,Beverages,236424
Eritrea,Clothes,155805
Eritrea,Office Supplies,174502
Eritrea,Cereal,288251
Eritrea,Cosmetics,246108
Eritrea,Personal Care,216717
Eritrea,Household,236795
Eritrea,Meat,201823
Eritrea,Baby Food,172668
Estonia,Cosmetics,230776
Estonia,Snacks,218226
Estonia,Office Supplies,299003
Estonia,Beverages,217700
Estonia,Cereal,212195
Estonia,Fruits,130530
Estonia,Vegetables,279421
Estonia,Household,178750
Estonia,Personal Care,193497
Estonia,Baby Food,231319
Estonia,Clothes,298413
Estonia,Meat,231751
Ethiopia,Clothes,216948
Ethiopia,Household,238218
Ethiopia,Beverages,218290
Ethiopia,Snacks,254225
Ethiopia,Cosmetics,245610
Ethiopia,Personal Care,200171
Ethiopia,Office Supplies,262954
Ethiopia,Baby Food,200059
Ethiopia,Cereal,208251
Ethiopia,Fruits,255609
Ethiopia,Meat,272239
Ethiopia,Vegetables,231897
Federated States of Micronesia,Meat,286560
Federated States of Micronesia,Personal Care,224552
Federated States of Micronesia,Clothes,226840
Federated States of Micronesia,Cosmetics,267777
Federated States of Micronesia,Baby Food,200503
Federated States of Micronesia,Beverages,254682
Federated States of Micronesia,Vegetables,321029
Federated States of Micronesia,Household,257061
Federated States of Micronesia,Cereal,267591
Federated States of Micronesia,Snacks,187975
Federated States of Micronesia,Fruits,199807
Federated States of Micronesia,Office Supplies,278646
Fiji,Meat,203536
Fiji,Clothes,230966
Fiji,Cereal,197624
Fiji,Beverages,235001
Fiji,Household,177942
Fiji,Cosmetics,266443
Fiji,Baby Food,195595
Fiji,Fruits,233201
Fiji,Snacks,183302
Fiji,Office Supplies,206258
Fiji,Vegetables,250501
Fiji,Personal Care,233004
Finland,Baby Food,275254
Finland,Vegetables,269381
Finland,Fruits,200931
Finland,Office Supplies,249824
Finland,Cosmetics,129968
Finland,Cereal,263800
Finland,Beverages,329294
Finland,Clothes,223637
Finland,Snacks,236091
Finland,Meat,208734
Finland,Personal Care,220374
Finland,Household,168764
France,Fruits,271493
France,Snacks,285302
France,Vegetables,227625
France,Baby Food,139523
France,Cereal,216158
France,Beverages,206605
France,Office Supplies,173583
France,Meat,216366
France,Cosmetics,234050
France,Clothes,207433
France,Personal Care,167861
France,Household,268173
Gabon,Cosmetics,207303
Gabon,Vegetables,238526
Gabon,Baby Food,237064
Gabon,Household,245901
Gabon,Meat,242461
Gabon,Cereal,197320
Gabon,Fruits,179063
Gabon,Office Supplies,241097
Gabon,Personal Care,277654
Gabon,Beverages,260257
Gabon,Snacks,195219
Gabon,Clothes,169966
Georgia,Household,187780
Georgia,Cosmetics,224640
Georgia,Fruits,191366
Georgia,Office Supplies,188643
Georgia,Snacks,217213
Georgia,Clothes,197670
Georgia,Vegetables,169809
Georgia,Meat,247656
Georgia,Baby Food,176388
Georgia,Personal Care,307435
Georgia,Cereal,221064
Georgia,Beverages,207101
Germany,Fruits,243534
Germany,Baby Food,161061
Germany,Office Supplies,176000
Germany,Cosmetics,193711
Germany,Cereal,183653
Germany,Meat,215679
Germany,Vegetables,247243
Germany,Personal Care,225449
Germany,Clothes,143436
Germany,Snacks,252853
Germany,Beverages,229578
Germany,Household,230273
Ghana,Vegetables,199169
Ghana,Personal Care,213650
Ghana,Clothes,297312
Ghana,Office Supplies,222261
Ghana,Beverages,214406
Ghana,Cosmetics,256701
Ghana,Baby Food,125341
Ghana,Fruits,223755
Ghana,Cereal,229535
Ghana,Snacks,145458
Ghana,Household,262626
Ghana,Meat,126402
Greece,Snacks,199713
Greece,Baby Food,185302
Greece,Cereal,207349
Greece,Personal Care,220194
Greece,Clothes,234410
Greece,Household,219390
Greece,Office Supplies,213184
Greece,Cosmetics,231299
Greece,Vegetables,224473
Greece,Fruits,221619
Greece,Meat,248868
Greece,Beverages,218997
Greenland,Cosmetics,288553
Greenland,Clothes,257684
Greenland,Baby Food,195932
Greenland,Meat,210492
Greenland,Cereal,200579
Greenland,Snacks,263576
Greenland,Beverages,241964
Greenland,Office Supplies,234923
Greenland,Household,269628
Greenland,Vegetables,229660
Greenland,Fruits,162067
Greenland,Personal Care,314560
Grenada,Personal Care,258970
Grenada,Snacks,175326
Grenada,Cosmetics,190011
Grenada,Vegetables,232589
Grenada,Household,204190
Grenada,Fruits,258283
Grenada,Clothes,198886
Grenada,Meat,302438
Grenada,Beverages,247457
Grenada,Office Supplies,208427
Grenada,Baby Food,268475
Grenada,Cereal,245280
Guatemala,Cereal,192491
Guatemala,Personal Care,241232
Guatemala,Household,196651
Guatemala,Cosmetics,287701
Guatemala,Beverages,249976
Guatemala,Vegetables,195833
Guatemala,Meat,235834
Guatemala,Office Supplies,185857
Guatemala,Snacks,203124
Guatemala,Baby Food,240025
Guatemala,Clothes,311746
Guatemala,Fruits,215609
Guinea,Cereal,224451
Guinea,Vegetables,246346
Guinea,Fruits,246640
Guinea,Clothes,212118
Guinea,Household,233914
Guinea,Office Supplies,197035
Guinea,Meat,215954
Guinea,Personal Care,279535
Guinea,Baby Food,253244
Guinea,Cosmetics,237900
Guinea,Snacks,196107
Guinea,Beverages,233888
Guinea-Bissau,Beverages,207146
Guinea-Bissau,Household,205160
Guinea-Bissau,Cosmetics,249515
Guinea-Bissau,Office Supplies,277325
Guinea-Bissau,Baby Food,220177
Guinea-Bissau,Cereal,196454
Guinea-Bissau,Fruits,269952
Guinea-Bissau,Meat,249471
Guinea-Bissau,Snacks,282616
Guinea-Bissau,Clothes,191548
Guinea-Bissau,Vegetables,235653
Guinea-Bissau,Personal Care,242067
Haiti,Household,246272
Haiti,Vegetables,240302
Haiti,Cereal,184507
Haiti,Office Supplies,294463
Haiti,Clothes,254838
Haiti,Meat,222834
Haiti,Baby Food,254435
Haiti,Beverages,211714
Haiti,Fruits,268510
Haiti,Cosmetics,209550
Haiti,Snacks,269199
Haiti,Personal Care,195696
Honduras,Meat,206144
Honduras,Household,206271
Honduras,Beverages,251296
Honduras,Personal Care,188815
Honduras,Cereal,239102
Honduras,Vegetables,226614
Honduras,Fruits,205512
Honduras,Clothes,215056
Honduras,Snacks,205115
Honduras,Office Supplies,153941
Honduras,Cosmetics,238751
Honduras,Baby Food,285251
Hungary,Beverages,157839
Hungary,Clothes,243319
Hungary,Cosmetics,277868
Hungary,Personal Care,159547
Hungary,Household,296185
Hungary,Office Supplies,289081
Hungary,Meat,245938
Hungary,Fruits,239180
Hungary,Baby Food,218430
Hungary,Snacks,314714
Hungary,Cereal,192167
Hungary,Vegetables,216461
Iceland,Personal Care,247263
Iceland,Snacks,185080
Iceland,Fruits,184480
Iceland,Office Supplies,158983
Iceland,Household,202639
Iceland,Cereal,227918
Iceland,Cosmetics,237750
Iceland,Clothes,232229
Iceland,Beverages,250501
Iceland,Meat,193812
Iceland,Vegetables,188955
Iceland,Baby Food,217210
India,Fruits,266696
India,Baby Food,323960
India,Clothes,232329
India,Cereal,222550
India,Cosmetics,307240
India,Office Supplies,239026
India,Beverages,212500
India,Snacks,206390
India,Personal Care,231441
India,Vegetables,208132
India,Household,181900
India,Meat,210362
Indonesia,Beverages,184297
Indonesia,Vegetables,275528
Indonesia,Snacks,220637
Indonesia,Cereal,291828
Indonesia,Meat,237210
Indonesia,Baby Food,235647
Indonesia,Personal Care,213613
Indonesia,Office Supplies,203574
Indonesia,Household,262117
Indonesia,Fruits,199959
Indonesia,Cosmetics,193342
Indonesia,Clothes,257811
Iran,Office Supplies,209463
Iran,Snacks,276712
Iran,Personal Care,210141
Iran,Baby Food,274433
Iran,Vegetables,165671
Iran,Beverages,253338
Iran,Meat,188236
Iran,Clothes,252488
Iran,Cosmetics,231894
Iran,Household,218144
Iran,Fruits,160093
Iran,Cereal,183417
Iraq,Beverages,231317
Iraq,Cosmetics,275618
Iraq,Personal Care,254135
Iraq,Snacks,207601
Iraq,Fruits,199492
Iraq,Vegetables,237889
Iraq,Cereal,206027
Iraq,Baby Food,247153
Iraq,Office Supplies,224107
Iraq,Meat,262011
Iraq,Clothes,222710
Iraq,Household,197431
Ireland,Beverages,240146
Ireland,Office Supplies,224713
Ireland,Cereal,234674
Ireland,Vegetables,254053
Ireland,Fruits,210509
Ireland,Cosmetics,194795
Ireland,Meat,246615
Ireland,Snacks,203870
Ireland,Baby Food,222708
Ireland,Personal Care,259221
Ireland,Clothes,247668
Ireland,Household,172795
Israel,Cosmetics,149391
Israel,Clothes,219870
Israel,Baby Food,191798
Israel,Meat,256931
Israel,Office Supplies,262345
Israel,Snacks,282765
Israel,Cereal,254675
Israel,Fruits,237829
Israel,Household,268743
Israel,Beverages,250879
Israel,Personal Care,227922
Israel,Vegetables,210731
Italy,Cereal,191852
Italy,Vegetables,255841
Italy,Cosmetics,222669
Italy,Beverages,203056
Italy,Baby Food,213975
Italy,Snacks,159260
Italy,Household,219152
Italy,Personal Care,231506
Italy,Meat,194192
Italy,Clothes,190201
Italy,Fruits,211206
Italy,Office Supplies,202573
Jamaica,Baby Food,236348
Jamaica,Office Supplies,178781
Jamaica,Cosmetics,209023
Jamaica,Clothes,294550
Jamaica,Fruits,218759
Jamaica,Beverages,195944
Jamaica,Meat,148230
Jamaica,Snacks,213628
Jamaica,Household,174779
Jamaica,Vegetables,192594
Jamaica,Personal Care,166883
Jamaica,Cereal,216470
Japan,Snacks,261939
Japan,Vegetables,328324
Japan,Fruits,238694
Japan,Beverages,165775
Japan,Cosmetics,174405
Japan,Baby Food,203444
Japan,Office Supplies,216505
Japan,Clothes,238254
Japan,Household,227181
Japan,Personal Care,247886
Japan,Meat,254408
Japan,Cereal,286541
Jordan,Cosmetics,284418
Jordan,Baby Food,206618
Jordan,Household,227622
Jordan,Personal Care,250022
Jordan,Meat,175938
Jordan,Office Supplies,235662
Jordan,Clothes,246662
Jordan,Vegetables,215817
Jordan,Cereal,246814
Jordan,Fruits,268652
Jordan,Beverages,259057
Jordan,Snacks,213257
Kazakhstan,Cosmetics,193676
Kazakhstan,Household,185180
Kazakhstan,Clothes,184165
Kazakhstan,Cereal,196824
Kazakhstan,Beverages,202051
Kazakhstan,Vegetables,213988
Kazakhstan,Office Supplies,183198
Kazakhstan,Snacks,217003
Kazakhstan,Fruits,224534
Kazakhstan,Meat,270549
Kazakhstan,Baby Food,188434
Kazakhstan,Personal Care,250201
Kenya,Meat,200086
Kenya,Vegetables,231233
Kenya,Clothes,204846
Kenya,Snacks,246060
Kenya,Fruits,219397
Kenya,Cereal,212802
Kenya,Office Supplies,259106
Kenya,Baby Food,196971
Kenya,Beverages,211420
Kenya,Household,215132
Kenya,Personal Care,223371
Kenya,Cosmetics,234050
Kiribati,Fruits,202132
Kiribati,Vegetables,202464
Kiribati,Household,205887
Kiribati,Meat,216297
Kiribati,Personal Care,276902
Kiribati,Beverages,266232
Kiribati,Baby Food,228842
Kiribati,Cereal,180016
Kiribati,Clothes,176651
Kiribati,Cosmetics,148806
Kiribati,Snacks,214399
Kiribati,Office Supplies,237146
Kosovo,Beverages,220477
Kosovo,Cereal,192604
Kosovo,Office Supplies,243834
Kosovo,Meat,276407
Kosovo,Fruits,210445
Kosovo,Personal Care,241377
Kosovo,Baby Food,219658
Kosovo,Vegetables,200346
Kosovo,Cosmetics,203817
Kosovo,Clothes,176193
Kosovo,Snacks,235558
Kosovo,Household,200784
Kuwait,Cereal,191140
Kuwait,Office Supplies,282245
Kuwait,Fruits,218055
Kuwait,Baby Food,224639
Kuwait,Meat,255786
Kuwait,Snacks,167920
Kuwait,Personal Care,211312
Kuwait,Household,243054
Kuwait,Cosmetics,171914
Kuwait,Beverages,191884
Kuwait,Clothes,258593
Kuwait,Vegetables,253467
Kyrgyzstan,Meat,190552
Kyrgyzstan,Cosmetics,177831
Kyrgyzstan,Snacks,247877
Kyrgyzstan,Vegetables,172406
Kyrgyzstan,Clothes,159610
Kyrgyzstan,Household,204371
Kyrgyzstan,Baby Food,235365
Kyrgyzstan,Personal Care,215389
Kyrgyzstan,Fruits,247242
Kyrgyzstan,Office Supplies,276919
Kyrgyzstan,Cereal,160453
Kyrgyzstan,Beverages,288435
Laos,Fruits,231557
Laos,Personal Care,201558
Laos,Snacks,251476
Laos,Meat,190698
Laos,Cereal,235152
Laos,Office Supplies,315496
Laos,Cosmetics,195208
Laos,Beverages,197952
Laos,Vegetables,279846
Laos,Baby Food,281126
Laos,Clothes,191619
Laos,Household,213948
Latvia,Office Supplies,185260
Latvia,Fruits,209729
Latvia,Cosmetics,215544
Latvia,Meat,273408
Latvia,Personal Care,243277
Latvia,Beverages,237112
Latvia,Snacks,221662
Latvia,Clothes,249936
Latvia,Household,190587
Latvia,Vegetables,185435
Latvia,Cereal,325753
Latvia,Baby Food,233249
Lebanon,Fruits,176393
Lebanon,Cereal,200051
Lebanon,Personal Care,206510
Lebanon,Snacks,155605
Lebanon,Meat,200872
Lebanon,Beverages,149844
Lebanon,Vegetables,221057
Lebanon,Cosmetics,208863
Lebanon,Household,208415
Lebanon,Baby Food,310944
Lebanon,Clothes,245388
Lebanon,Office Supplies,192684
Lesotho,Clothes,176733
Lesotho,Vegetables,211612
Lesotho,Fruits,217919
Lesotho,Meat,168765
Lesotho,Snacks,203791
Lesotho,Cereal,194922
Lesotho,Household,238957
Lesotho,Baby Food,175655
Lesotho,Office Supplies,324611
Lesotho,Personal Care,244656
Lesotho,Beverages,185694
Lesotho,Cosmetics,268972
Liberia,Fruits,185109
Liberia,Beverages,261358
Liberia,Personal Care,191153
Liberia,Clothes,273043
Liberia,Cosmetics,197910
Liberia,Baby Food,279711
Liberia,Household,352514
Liberia,Cereal,263404
Liberia,Meat,241631
Liberia,Snacks,240553
Liberia,Office Supplies,215857
Liberia,Vegetables,196652
Libya,Cereal,215513
Libya,Beverages,244080
Libya,Clothes,251461
Libya,Vegetables,263725
Libya,Baby Food,191163
Libya,Snacks,161656
Libya,Cosmetics,222479
Libya,Office Supplies,213354
Libya,Household,266018
Libya,Fruits,184835
Libya,Meat,259157
Libya,Personal Care,245427
Liechtenstein,Cosmetics,175267
Liechtenstein,Clothes,258558
Liechtenstein,Meat,251631
Liechtenstein,Cereal,215281
Liechtenstein,Personal Care,186183
Liechtenstein,Fruits,266327
Liechtenstein,Office Supplies,203402
Liechtenstein,Beverages,168023
Liechtenstein,Snacks,242470
Liechtenstein,Vegetables,180236
Liechtenstein,Household,192656
Liechtenstein,Baby Food,261015
Lithuania,Snacks,245768
Lithuania,Clothes,221730
Lithuania,Office Supplies,307790
Lithuania,Meat,227704
Lithuania,Personal Care,169855
Lithuania,Cosmetics,233536
Lithuania,Vegetables,171353
Lithuania,Cereal,234870
Lithuania,Fruits,258526
Lithuania,Beverages,258030
Lithuania,Baby Food,250400
Lithuania,Household,218375
Luxembourg,Snacks,173929
Luxembourg,Office Supplies,202654
Luxembourg,Cereal,272633
Luxembourg,Baby Food,209999
Luxembourg,Cosmetics,213021
Luxembourg,Vegetables,230433
Luxembourg,Beverages,172125
Luxembourg,Household,279283
Luxembourg,Fruits,285421
Luxembourg,Meat,236504
Luxembourg,Personal Care,202046
Luxembourg,Clothes,253283
Macedonia,Snacks,282115
Macedonia,Meat,239309
Macedonia,Cosmetics,294152
Macedonia,Baby Food,306908
Macedonia,Fruits,227460
Macedonia,Vegetables,293264
Macedonia,Clothes,237661
Macedonia,Beverages,151293
Macedonia,Personal Care,239094
Macedonia,Cereal,274401
Macedonia,Household,163743
Macedonia,Office Supplies,191260
Madagascar,Fruits,176690
Madagascar,Baby Food,237353
Madagascar,Household,231949
Madagascar,Vegetables,223535
Madagascar,Office Supplies,240209
Madagascar,Personal Care,304607
Madagascar,Cosmetics,242090
Madagascar,Beverages,220035
Madagascar,Clothes,217573
Madagascar,Snacks,227553
Madagascar,Meat,184811
Madagascar,Cereal,273316
Malawi,Office Supplies,246438
Malawi,Vegetables,251283
Malawi,Beverages,233167
Malawi,Personal Care,218971
Malawi,Household,209301
Malawi,Clothes,237391
Malawi,Cereal,194338
Malawi,Meat,176251
Malawi,Baby Food,220029
Malawi,Snacks,200296
Malawi,Cosmetics,260013
Malawi,Fruits,198497
Malaysia,Cereal,221097
Malaysia,Clothes,238052
Malaysia,Office Supplies,226106
Malaysia,Household,211069
Malaysia,Personal Care,172313
Malaysia,Fruits,218837
Malaysia,Vegetables,252893
Malaysia,Snacks,283097
Malaysia,Baby Food,199144
Malaysia,Beverages,167761
Malaysia,Meat,195618
Malaysia,Cosmetics,201280
Maldives,Cosmetics,222885
Maldives,Clothes,168074
Maldives,Fruits,208824
Maldives,Cereal,279516
Maldives,Household,261958
Maldives,Personal Care,206189
Maldives,Office Supplies,268848
Maldives,Meat,286654
Maldives,Vegetables,234776
Maldives,Snacks,202626
Maldives,Baby Food,193254
Maldives,Beverages,183961
Mali,Baby Food,181286
Mali,Cosmetics,192784
Mali,Vegetables,234045
Mali,Office Supplies,195391
Mali,Household,241358
Mali,Personal Care,261139
Mali,Snacks,258796
Mali,Meat,214228
Mali,Cereal,209251
Mali,Beverages,246087
Mali,Clothes,213071
Mali,Fruits,200118
Malta,Household,262818
Malta,Snacks,239424
Malta,Cosmetics,240205
Malta,Meat,248227
Malta,Clothes,231913
Malta,Office Supplies,294265
Malta,Cereal,202745
Malta,Personal Care,270173
Malta,Baby Food,274150
Malta,Fruits,251753
Malta,Beverages,281394
Malta,Vegetables,181331
Marshall Islands,Snacks,308109
Marshall Islands,Baby Food,264024
Marshall Islands,Cosmetics,228447
Marshall Islands,Beverages,164189
Marshall Islands,Office Supplies,260176
Marshall Islands,Personal Care,216506
Marshall Islands,Meat,207309
Marshall Islands,Fruits,178012
Marshall Islands,Clothes,238802
Marshall Islands,Household,312342
Marshall Islands,Vegetables,228101
Marshall Islands,Cereal,203981
Mauritania,Vegetables,220278
Mauritania,Household,225616
Mauritania,Snacks,221661
Mauritania,Meat,216208
Mauritania,Clothes,252031
Mauritania,Beverages,241848
Mauritania,Office Supplies,213511
Mauritania,Baby Food,243979
Mauritania,Fruits,240833
Mauritania,Cosmetics,206294
Mauritania,Cereal,192815
Mauritania,Personal Care,217008
Mauritius ,Snacks,208122
Mauritius ,Meat,254866
Mauritius ,Personal Care,197954
Mauritius ,Baby Food,226795
Mauritius ,Cosmetics,194961
Mauritius ,Cereal,195390
Mauritius ,Vegetables,245089
Mauritius ,Household,278256
Mauritius ,Clothes,201781
Mauritius ,Fruits,229554
Mauritius ,Office Supplies,194851
Mauritius ,Beverages,278871
Mexico,Household,268152
Mexico,Fruits,165047
Mexico,Snacks,187050
Mexico,Baby Food,221359
Mexico,Meat,252347
Mexico,Cereal,227531
Mexico,Office Supplies,234425
Mexico,Cosmetics,270189
Mexico,Vegetables,220301
Mexico,Beverages,222683
Mexico,Personal Care,136998
Mexico,Clothes,204443
Moldova ,Cereal,230610
Moldova ,Beverages,280349
Moldova ,Meat,184117
Moldova ,Household,183312
Moldova ,Baby Food,219040
Moldova ,Snacks,202533
Moldova ,Cosmetics,177328
Moldova ,Personal Care,179496
Moldova ,Fruits,185894
Moldova ,Office Supplies,209787
Moldova ,Clothes,268143
Moldova ,Vegetables,286741
Monaco,Office Supplies,205529
Monaco,Meat,225060
Monaco,Cosmetics,229317
Monaco,Household,189498
Monaco,Snacks,177760
Monaco,Vegetables,211231
Monaco,Clothes,164612
Monaco,Cereal,240680
Monaco,Beverages,223410
Monaco,Baby Food,249374
Monaco,Personal Care,224019
Monaco,Fruits,219791
Mongolia,Personal Care,177000
Mongolia,Baby Food,242482
Mongolia,Cosmetics,243582
Mongolia,Fruits,235371
Mongolia,Clothes,178117
Mongolia,Office Supplies,229217
Mongolia,Beverages,223931
Mongolia,Snacks,200945
Mongolia,Vegetables,230525
Mongolia,Cereal,278555
Mongolia,Meat,165776
Mongolia,Household,205885
Montenegro,Baby Food,244366
Montenegro,Fruits,223361
Montenegro,Office Supplies,296936
Montenegro,Beverages,308970
Montenegro,Vegetables,177392
Montenegro,Cosmetics,225066
Montenegro,Personal Care,234828
Montenegro,Snacks,183055
Montenegro,Cereal,272907
Montenegro,Household,229860
Montenegro,Clothes,201615
Montenegro,Meat,225630
Morocco,Office Supplies,251091
Morocco,Vegetables,215669
Morocco,Household,216703
Morocco,Clothes,260551
Morocco,Cereal,185448
Morocco,Snacks,250854
Morocco,Baby Food,226922
Morocco,Beverages,248201
Morocco,Fruits,263241
Morocco,Cosmetics,214002
Morocco,Meat,193026
Morocco,Personal Care,213369
Mozambique,Beverages,241843
Mozambique,Meat,289440
Mozambique,Office Supplies,192602
Mozambique,Baby Food,266075
Mozambique,Clothes,212691
Mozambique,Cosmetics,279871
Mozambique,Household,256190
Mozambique,Snacks,302763
Mozambique,Vegetables,215440
Mozambique,Fruits,230929
Mozambique,Cereal,229276
Mozambique,Personal Care,200569
Myanmar,Cereal,182463
Myanmar,Baby Food,189528
Myanmar,Fruits,242561
Myanmar,Clothes,265046
Myanmar,Beverages,248754
Myanmar,Vegetables,213353
Myanmar,Personal Care,270415
Myanmar,Meat,269266
Myanmar,Household,234454
Myanmar,Snacks,224536
Myanmar,Cosmetics,186185
Myanmar,Office Supplies,237321
Namibia,Beverages,227803
Namibia,Cosmetics,227014
Namibia,Fruits,204245
Namibia,Cereal,237279
Namibia,Office Supplies,228877
Namibia,Baby Food,242569
Namibia,Meat,257423
Namibia,Clothes,231475
Namibia,Snacks,260722
Namibia,Household,285156
Namibia,Personal Care,266437
Namibia,Vegetables,178562
Nauru,Clothes,221897
Nauru,Snacks,226659
Nauru,Cereal,236408
Nauru,Fruits,222530
Nauru,Vegetables,278446
Nauru,Office Supplies,231628
Nauru,Cosmetics,165395
Nauru,Meat,207925
Nauru,Beverages,227130
Nauru,Baby Food,190486
Nauru,Household,196999
Nauru,Personal Care,299642
Nepal,Office Supplies,250133
Nepal,Beverages,214248
Nepal,Snacks,268464
Nepal,Cosmetics,161100
Nepal,Household,187319
Nepal,Personal Care,202311
Nepal,Meat,248225
Nepal,Fruits,242049
Nepal,Cereal,288534
Nepal,Baby Food,196055
Nepal,Vegetables,202606
Nepal,Clothes,292459
Netherlands,Baby Food,220358
Netherlands,Vegetables,165501
Netherlands,Clothes,214302
Netherlands,Household,227708
Netherlands,Fruits,164300
Netherlands,Snacks,188998
Netherlands,Beverages,217157
Netherlands,Personal Care,305589
Netherlands,Office Supplies,194322
Netherlands,Meat,201597
Netherlands,Cereal,223310
Netherlands,Cosmetics,191676
New Zealand,Baby Food,286709
New Zealand,Personal Care,243078
New Zealand,Vegetables,278138
New Zealand,Office Supplies,252995
New Zealand,Beverages,189193
New Zealand,Clothes,245273
New Zealand,Cosmetics,238697
New Zealand,Household,225030
New Zealand,Snacks,277294
New Zealand,Fruits,264325
New Zealand,Cereal,291474
New Zealand,Meat,232254
Nicaragua,Baby Food,217204
Nicaragua,Fruits,166432
Nicaragua,Meat,197160
Nicaragua,Cereal,173400
Nicaragua,Vegetables,183382
Nicaragua,Clothes,272346
Nicaragua,Office Supplies,204962
Nicaragua,Cosmetics,199488
Nicaragua,Personal Care,197122
Nicaragua,Beverages,222269
Nicaragua,Snacks,202152
Nicaragua,Household,244999
Niger,Meat,194668
Niger,Cosmetics,221241
Niger,Clothes,212977
Niger,Fruits,196378
Niger,Personal Care,243752
Niger,Beverages,218563
Niger,Cereal,185335
Niger,Baby Food,305857
Niger,Household,180659
Niger,Vegetables,262822
Niger,Snacks,227623
Niger,Office Supplies,248976
Nigeria,Baby Food,223623
Nigeria,Clothes,178123
Nigeria,Vegetables,187636
Nigeria,Beverages,197177
Nigeria,Snacks,205959
Nigeria,Office Supplies,195624
Nigeria,Cosmetics,174089
Nigeria,Personal Care,179729
Nigeria,Cereal,202728
Nigeria,Household,242491
Nigeria,Fruits,198264
Nigeria,Meat,189169
North Korea,Baby Food,171573
North Korea,Vegetables,244531
North Korea,Cosmetics,231627
North Korea,Household,204087
North Korea,Beverages,240165
North Korea,Personal Care,200080
North Korea,Office Supplies,250265
North Korea,Clothes,261007
North Korea,Cereal,236805
North Korea,Snacks,210110
North Korea,Meat,190803
North Korea,Fruits,275368
Norway,Meat,237719
Norway,Clothes,249977
Norway,Snacks,181880
Norway,Beverages,201524
Norway,Fruits,290935
Norway,Cosmetics,194915
Norway,Vegetables,264815
Norway,Baby Food,225631
Norway,Office Supplies,237459
Norway,Personal Care,213780
Norway,Cereal,264670
Norway,Household,216023
Oman,Baby Food,186368
Oman,Fruits,218402
Oman,Snacks,258332
Oman,Cereal,209039
Oman,Beverages,173748
Oman,Vegetables,228653
Oman,Meat,222977
Oman,Clothes,239467
Oman,Cosmetics,256088
Oman,Office Supplies,251951
Oman,Personal Care,187981
Oman,Household,230432
Pakistan,Fruits,250226
Pakistan,Household,178380
Pakistan,Meat,180155
Pakistan,Office Supplies,251501
Pakistan,Personal Care,275018
Pakistan,Cosmetics,216620
Pakistan,Vegetables,220657
Pakistan,Beverages,195128
Pakistan,Cereal,220802
Pakistan,Clothes,248944
Pakistan,Snacks,324035
Pakistan,Baby Food,266753
Palau,Clothes,171584
Palau,Household,153464
Palau,Meat,182091
Palau,Cosmetics,210420
Palau,Office Supplies,231953
Palau,Personal Care,231987
Palau,Snacks,221222
Palau,Fruits,199316
Palau,Baby Food,183171
Palau,Cereal,217710
Palau,Beverages,280813
Palau,Vegetables,188776
Panama,Household,243076
Panama,Fruits,188059
Panama,Personal Care,262719
Panama,Cosmetics,270847
Panama,Vegetables,223362
Panama,Cereal,213985
Panama,Snacks,216399
Panama,Clothes,201413
Panama,Meat,312293
Panama,Office Supplies,242094
Panama,Baby Food,263656
Panama,Beverages,275786
Papua New Guinea,Baby Food,253050
Papua New Guinea,Office Supplies,178244
Papua New Guinea,Cosmetics,223267
Papua New Guinea,Beverages,220317
Papua New Guinea,Clothes,196674
Papua New Guinea,Cereal,252928
Papua New Guinea,Snacks,219720
Papua New Guinea,Meat,242327
Papua New Guinea,Personal Care,234516
Papua New Guinea,Vegetables,259639
Papua New Guinea,Fruits,275539
Papua New Guinea,Household,166576
Philippines,Snacks,264045
Philippines,Cosmetics,245624
Philippines,Vegetables,239973
Philippines,Beverages,235728
Philippines,Meat,183056
Philippines,Cereal,327768
Philippines,Household,207999
Philippines,Fruits,145054
Philippines,Office Supplies,201985
Philippines,Personal Care,193963
Philippines,Clothes,157302
Philippines,Baby Food,207652
Poland,Office Supplies,264204
Poland,Clothes,190937
Poland,Beverages,200709
Poland,Cosmetics,212216
Poland,Snacks,228639
Poland,Cereal,160532
Poland,Household,243020
Poland,Baby Food,162252
Poland,Vegetables,208353
Poland,Meat,229809
Poland,Personal Care,200504
Poland,Fruits,255478
Portugal,Vegetables,293468
Portugal,Cosmetics,208581
Portugal,Baby Food,151001
Portugal,Snacks,227865
Portugal,Clothes,239882
Portugal,Office Supplies,181702
Portugal,Household,233632
Portugal,Personal Care,258006
Portugal,Cereal,263382
Portugal,Fruits,281482
Portugal,Beverages,253093
Portugal,Meat,161777
Qatar,Baby Food,172086
Qatar,Vegetables,165113
Qatar,Office Supplies,224556
Qatar,Cosmetics,225422
Qatar,Clothes,214774
Qatar,Snacks,204358
Qatar,Meat,228152
Qatar,Personal Care,267196
Qatar,Beverages,249851
Qatar,Cereal,247692
Qatar,Household,248956
Qatar,Fruits,195157
Republic of the Congo,Cereal,244020
Republic of the Congo,Cosmetics,230291
Republic of the Congo,Snacks,193656
Republic of the Congo,Beverages,167172
Republic of the Congo,Meat,185568
Republic of the Congo,Clothes,292400
Republic of the Congo,Household,285433
Republic of the Congo,Fruits,201716
Republic of the Congo,Office Supplies,239206
Republic of the Congo,Personal Care,186728
Republic of the Congo,Baby Food,207533
Republic of the Congo,Vegetables,208186
Romania,Household,268419
Romania,Baby Food,241632
Romania,Clothes,210864
Romania,Fruits,283616
Romania,Vegetables,209417
Romania,Personal Care,195835
Romania,Cosmetics,205279
Romania,Snacks,219402
Romania,Cereal,262959
Romania,Beverages,164489
Romania,Office Supplies,263133
Romania,Meat,264710
Russia,Baby Food,184966
Russia,Meat,224711
Russia,Household,211396
Russia,Cosmetics,224175
Russia,Personal Care,204022
Russia,Office Supplies,248209
Russia,Cereal,233674
Russia,Snacks,250532
Russia,Vegetables,271113
Russia,Beverages,176504
Russia,Fruits,166388
Russia,Clothes,183868
Rwanda,Vegetables,202422
Rwanda,Household,235503
Rwanda,Clothes,207124
Rwanda,Fruits,206074
Rwanda,Snacks,206124
Rwanda,Personal Care,247186
Rwanda,Cosmetics,269135
Rwanda,Office Supplies,286860
Rwanda,Baby Food,268086
Rwanda,Meat,212004
Rwanda,Cereal,192808
Rwanda,Beverages,315453
Saint Kitts and Nevis ,Baby Food,254554
Saint Kitts and Nevis ,Personal Care,222252
Saint Kitts and Nevis ,Fruits,168382
Saint Kitts and Nevis ,Vegetables,236763
Saint Kitts and Nevis ,Household,257192
Saint Kitts and Nevis ,Office Supplies,224440
Saint Kitts and Nevis ,Cosmetics,268160
Saint Kitts and Nevis ,Beverages,180909
Saint Kitts and Nevis ,Snacks,251784
Saint Kitts and Nevis ,Clothes,309705
Saint Kitts and Nevis ,Cereal,182975
Saint Kitts and Nevis ,Meat,225564
Saint Lucia,Household,219525
Saint Lucia,Snacks,233739
Saint Lucia,Baby Food,169885
Saint Lucia,Clothes,180028
Saint Lucia,Meat,198171
Saint Lucia,Vegetables,208573
Saint Lucia,Cosmetics,257015
Saint Lucia,Cereal,223259
Saint Lucia,Personal Care,203815
Saint Lucia,Fruits,201673
Saint Lucia,Beverages,191282
Saint Lucia,Office Supplies,281083
Saint Vincent and the Grenadines,Clothes,204874
Saint Vincent and the Grenadines,Vegetables,223270
Saint Vincent and the Grenadines,Cereal,289000
Saint Vincent and the Grenadines,Office Supplies,267923
Saint Vincent and the Grenadines,Baby Food,230621
Saint Vincent and the Grenadines,Personal Care,201546
Saint Vincent and the Grenadines,Beverages,263823
Saint Vincent and the Grenadines,Cosmetics,289087
Saint Vincent and the Grenadines,Snacks,249996
Saint Vincent and the Grenadines,Fruits,229600
Saint Vincent and the Grenadines,Meat,246091
Saint Vincent and the Grenadines,Household,214731
Samoa ,Cereal,271713
Samoa ,Beverages,217164
Samoa ,Snacks,228557
Samoa ,Office Supplies,228760
Samoa ,Vegetables,186504
Samoa ,Personal Care,211537
Samoa ,Fruits,276492
Samoa ,Meat,178325
Samoa ,Clothes,265577
Samoa ,Baby Food,189831
Samoa ,Cosmetics,279046
Samoa ,Household,228132
San Marino,Beverages,262738
San Marino,Fruits,234640
San Marino,Snacks,201075
San Marino,Household,217236
San Marino,Cosmetics,207380
San Marino,Personal Care,166590
San Marino,Clothes,199428
San Marino,Meat,265271
San Marino,Vegetables,276709
San Marino,Office Supplies,184269
San Marino,Cereal,220712
San Marino,Baby Food,239041
Sao Tome and Principe,Household,215537
Sao Tome and Principe,Cereal,251241
Sao Tome and Principe,Baby Food,230808
Sao Tome and Principe,Clothes,230683
Sao Tome and Principe,Vegetables,169774
Sao Tome and Principe,Snacks,297866
Sao Tome and Principe,Office Supplies,243690
Sao Tome and Principe,Beverages,247863
Sao Tome and Principe,Fruits,294359
Sao Tome and Principe,Meat,183054
Sao Tome and Principe,Cosmetics,202126
Sao Tome and Principe,Personal Care,298976
Saudi Arabia,Clothes,195921
Saudi Arabia,Vegetables,199647
Saudi Arabia,Snacks,201411
Saudi Arabia,Fruits,176063
Saudi Arabia,Office Supplies,232988
Saudi Arabia,Household,220845
Saudi Arabia,Baby Food,283790
Saudi Arabia,Cereal,302724
Saudi Arabia,Beverages,230599
Saudi Arabia,Cosmetics,206767
Saudi Arabia,Meat,258970
Saudi Arabia,Personal Care,226598
Senegal,Cosmetics,205437
Senegal,Vegetables,220389
Senegal,Office Supplies,278945
Senegal,Meat,313820
Senegal,Household,179991
Senegal,Fruits,136049
Senegal,Baby Food,261527
Senegal,Clothes,255377
Senegal,Personal Care,145237
Senegal,Beverages,266341
Senegal,Cereal,225086
Senegal,Snacks,227811
Serbia,Cosmetics,246917
Serbia,Fruits,175280
Serbia,Office Supplies,194940
Serbia,Baby Food,271748
Serbia,Vegetables,215068
Serbia,Household,233945
Serbia,Personal Care,212335
Serbia,Clothes,220800
Serbia,Beverages,251508
Serbia,Snacks,226409
Serbia,Meat,223021
Serbia,Cereal,270125
Seychelles ,Meat,295816
Seychelles ,Office Supplies,212182
Seychelles ,Fruits,193808
Seychelles ,Clothes,147502
Seychelles ,Beverages,273847
Seychelles ,Personal Care,276946
Seychelles ,Baby Food,231024
Seychelles ,Cereal,194839
Seychelles ,Snacks,259373
Seychelles ,Cosmetics,284896
Seychelles ,Household,172826
Seychelles ,Vegetables,241475
Sierra Leone,Vegetables,182402
Sierra Leone,Baby Food,216934
Sierra Leone,Snacks,311229
Sierra Leone,Personal Care,253631
Sierra Leone,Cereal,187646
Sierra Leone,Office Supplies,215930
Sierra Leone,Meat,241854
Sierra Leone,Clothes,209700
Sierra Leone,Cosmetics,182854
Sierra Leone,Beverages,242203
Sierra Leone,Fruits,314581
Sierra Leone,Household,154653
Singapore,Personal Care,238080
Singapore,Cosmetics,212630
Singapore,Fruits,272741
Singapore,Vegetables,268003
Singapore,Office Supplies,238897
Singapore,Baby Food,214726
Singapore,Cereal,203838
Singapore,Snacks,234416
Singapore,Clothes,225808
Singapore,Household,205168
Singapore,Beverages,165481
Singapore,Meat,213791
Slovakia,Cereal,246913
Slovakia,Clothes,227097
Slovakia,Fruits,239225
Slovakia,Meat,205702
Slovakia,Personal Care,223033
Slovakia,Vegetables,233587
Slovakia,Beverages,288272
Slovakia,Snacks,236506
Slovakia,Household,253175
Slovakia,Office Supplies,239781
Slovakia,Baby Food,216337
Slovakia,Cosmetics,195440
Slovenia,Baby Food,209406
Slovenia,Personal Care,215504
Slovenia,Household,213674
Slovenia,Vegetables,231375
Slovenia,Office Supplies,253433
Slovenia,Cosmetics,185668
Slovenia,Clothes,253305
Slovenia,Beverages,169684
Slovenia,Cereal,221941
Slovenia,Meat,217424
Slovenia,Snacks,203946
Slovenia,Fruits,309427
Solomon Islands,Personal Care,279227
Solomon Islands,Vegetables,204579
Solomon Islands,Snacks,156469
Solomon Islands,Fruits,242542
Solomon Islands,Office Supplies,180342
Solomon Islands,Cereal,202611
Solomon Islands,Baby Food,164400
Solomon Islands,Cosmetics,181865
Solomon Islands,Household,204681
Solomon Islands,Beverages,192045
Solomon Islands,Meat,254388
Solomon Islands,Clothes,233197
Somalia,Household,253679
Somalia,Clothes,205289
Somalia,Meat,291816
Somalia,Cosmetics,214817
Somalia,Office Supplies,240462
Somalia,Baby Food,204286
Somalia,Beverages,164516
Somalia,Snacks,256473
Somalia,Vegetables,229289
Somalia,Personal Care,221639
Somalia,Fruits,278136
Somalia,Cereal,184706
South Africa,Cereal,225003
South Africa,Beverages,246912
South Africa,Cosmetics,272282
South Africa,Snacks,271929
South Africa,Fruits,279484
South Africa,Household,208175
South Africa,Personal Care,164573
South Africa,Vegetables,205174
South Africa,Office Supplies,291721
South Africa,Meat,264682
South Africa,Clothes,226385
South Africa,Baby Food,224403
South Korea,Personal Care,240116
South Korea,Vegetables,211023
South Korea,Cosmetics,233954
South Korea,Beverages,243595
South Korea,Clothes,267274
South Korea,Meat,200288
South Korea,Baby Food,183812
South Korea,Cereal,252935
South Korea,Snacks,231256
South Korea,Fruits,236531
South Korea,Household,188559
South Korea,Office Supplies,280946
South Sudan,Vegetables,290273
South Sudan,Cereal,234234
South Sudan,Household,215163
South Sudan,Baby Food,219911
South Sudan,Meat,267070
South Sudan,Snacks,189679
South Sudan,Office Supplies,242807
South Sudan,Fruits,209429
South Sudan,Beverages,210945
South Sudan,Clothes,238466
South Sudan,Cosmetics,277823
South Sudan,Personal Care,197102
Spain,Household,203011
Spain,Beverages,202198
Spain,Office Supplies,259530
Spain,Snacks,260778
Spain,Meat,188822
Spain,Vegetables,237866
Spain,Clothes,177251
Spain,Baby Food,234636
Spain,Personal Care,202680
Spain,Cereal,194878
Spain,Fruits,247668
Spain,Cosmetics,222229
Sri Lanka,Beverages,229725
Sri Lanka,Cosmetics,230839
Sri Lanka,Personal Care,250939
Sri Lanka,Cereal,252301
Sri Lanka,Clothes,143585
Sri Lanka,Meat,237239
Sri Lanka,Baby Food,252766
Sri Lanka,Snacks,212103
Sri Lanka,Household,187808
Sri Lanka,Office Supplies,267366
Sri Lanka,Vegetables,213093
Sri Lanka,Fruits,207555
Sudan,Meat,227160
Sudan,Vegetables,268340
Sudan,Baby Food,297023
Sudan,Cereal,203627
Sudan,Snacks,289524
Sudan,Personal Care,285663
Sudan,Cosmetics,349506
Sudan,Fruits,228400
Sudan,Beverages,322510
Sudan,Clothes,271179
Sudan,Office Supplies,247153
Sudan,Household,195901
Swaziland,Beverages,185756
Swaziland,Baby Food,223987
Swaziland,Vegetables,207773
Swaziland,Office Supplies,170344
Swaziland,Fruits,211164
Swaziland,Cosmetics,187011
Swaziland,Meat,275601
Swaziland,Clothes,231601
Swaziland,Personal Care,210332
Swaziland,Household,218914
Swaziland,Snacks,291908
Swaziland,Cereal,236528
Sweden,Office Supplies,231004
Sweden,Vegetables,219681
Sweden,Beverages,226024
Sweden,Household,239841
Sweden,Baby Food,212949
Sweden,Clothes,230688
Sweden,Snacks,170571
Sweden,Cereal,267554
Sweden,Personal Care,215032
Sweden,Fruits,242330
Sweden,Meat,194537
Sweden,Cosmetics,248545
Switzerland,Clothes,201590
Switzerland,Office Supplies,169894
Switzerland,Household,209069
Switzerland,Vegetables,177625
Switzerland,Meat,205136
Switzerland,Snacks,174978
Switzerland,Beverages,239462
Switzerland,Cereal,193064
Switzerland,Cosmetics,219758
Switzerland,Baby Food,201868
Switzerland,Fruits,219904
Switzerland,Personal Care,255918
Syria,Office Supplies,227506
Syria,Vegetables,295247
Syria,Clothes,261827
Syria,Fruits,165087
Syria,Meat,205509
Syria,Snacks,242884
Syria,Household,182534
Syria,Cereal,249436
Syria,Cosmetics,254544
Syria,Baby Food,270036
Syria,Beverages,216253
Syria,Personal Care,298083
Taiwan,Vegetables,205094
Taiwan,Beverages,220836
Taiwan,Snacks,219156
Taiwan,Cereal,244494
Taiwan,Personal Care,260157
Taiwan,Meat,180822
Taiwan,Baby Food,232695
Taiwan,Fruits,184560
Taiwan,Household,206088
Taiwan,Office Supplies,216494
Taiwan,Clothes,226645
Taiwan,Cosmetics,190938
Tajikistan,Personal Care,165171
Tajikistan,Office Supplies,258339
Tajikistan,Beverages,209175
Tajikistan,Cosmetics,220230
Tajikistan,Baby Food,205295
Tajikistan,Snacks,264683
Tajikistan,Fruits,192664
Tajikistan,Cereal,300682
Tajikistan,Household,183614
Tajikistan,Meat,203742
Tajikistan,Clothes,261574
Tajikistan,Vegetables,191764
Tanzania,Household,296516
Tanzania,Fruits,238556
Tanzania,Vegetables,162189
Tanzania,Office Supplies,208357
Tanzania,Meat,171870
Tanzania,Cereal,336679
Tanzania,Cosmetics,243356
Tanzania,Baby Food,241062
Tanzania,Personal Care,272607
Tanzania,Snacks,228206
Tanzania,Clothes,178975
Tanzania,Beverages,243659
Thailand,Cereal,169079
Thailand,Household,150570
Thailand,Beverages,152395
Thailand,Meat,229566
Thailand,Vegetables,227535
Thailand,Snacks,206603
Thailand,Cosmetics,283076
Thailand,Baby Food,230776
Thailand,Personal Care,168296
Thailand,Fruits,175528
Thailand,Office Supplies,219283
Thailand,Clothes,291775
The Bahamas,Fruits,216300
The Bahamas,Snacks,223320
The Bahamas,Cereal,226324
The Bahamas,Beverages,209018
The Bahamas,Office Supplies,256316
The Bahamas,Personal Care,264037
The Bahamas,Baby Food,161406
The Bahamas,Meat,230041
The Bahamas,Clothes,264249
The Bahamas,Cosmetics,233676
The Bahamas,Household,181819
The Bahamas,Vegetables,170816
The Gambia,Meat,187167
The Gambia,Snacks,198342
The Gambia,Baby Food,257987
The Gambia,Personal Care,255202
The Gambia,Clothes,194460
The Gambia,Beverages,192732
The Gambia,Household,211787
The Gambia,Fruits,238238
The Gambia,Vegetables,199087
The Gambia,Office Supplies,227184
The Gambia,Cosmetics,219790
The Gambia,Cereal,187925
Togo,Household,231407
Togo,Personal Care,227014
Togo,Meat,205162
Togo,Baby Food,207348
Togo,Snacks,259984
Togo,Fruits,193407
Togo,Vegetables,217290
Togo,Clothes,290875
Togo,Cosmetics,211205
Togo,Beverages,165981
Togo,Cereal,208708
Togo,Office Supplies,198589
Tonga,Snacks,131531
Tonga,Household,206617
Tonga,Office Supplies,233731
Tonga,Cereal,277734
Tonga,Baby Food,224488
Tonga,Personal Care,255593
Tonga,Cosmetics,230765
Tonga,Beverages,284280
Tonga,Meat,198009
Tonga,Fruits,172041
Tonga,Vegetables,175363
Tonga,Clothes,175086
Trinidad and Tobago,Clothes,224952
Trinidad and Tobago,Vegetables,207459
Trinidad and Tobago,Cosmetics,240314
Trinidad and Tobago,Office Supplies,155984
Trinidad and Tobago,Fruits,253961
Trinidad and Tobago,Baby Food,225879
Trinidad and Tobago,Cereal,234648
Trinidad and Tobago,Beverages,201853
Trinidad and Tobago,Household,270971
Trinidad and Tobago,Snacks,216575
Trinidad and Tobago,Meat,230152
Trinidad and Tobago,Personal Care,165767
Tunisia ,Personal Care,236073
Tunisia ,Meat,258570
Tunisia ,Vegetables,170018
Tunisia ,Snacks,248508
Tunisia ,Beverages,273791
Tunisia ,Cereal,314454
Tunisia ,Cosmetics,229217
Tunisia ,Household,172823
Tunisia ,Office Supplies,272904
Tunisia ,Baby Food,267352
Tunisia ,Clothes,257353
Tunisia ,Fruits,254010
Turkey,Personal Care,276556
Turkey,Office Supplies,230355
Turkey,Vegetables,334055
Turkey,Beverages,228524
Turkey,Cosmetics,162649
Turkey,Household,191656
Turkey,Cereal,248135
Turkey,Fruits,229279
Turkey,Snacks,230726
Turkey,Meat,200962
Turkey,Baby Food,259224
Turkey,Clothes,140508
Turkmenistan,Vegetables,253785
Turkmenistan,Household,239376
Turkmenistan,Fruits,224534
Turkmenistan,Office Supplies,191187
Turkmenistan,Cereal,218580
Turkmenistan,Personal Care,203003
Turkmenistan,Snacks,276967
Turkmenistan,Cosmetics,331628
Turkmenistan,Baby Food,218672
Turkmenistan,Beverages,164874
Turkmenistan,Clothes,194286
Turkmenistan,Meat,244824
Tuvalu,Personal Care,154792
Tuvalu,Household,248824
Tuvalu,Fruits,259000
Tuvalu,Cereal,296577
Tuvalu,Meat,225249
Tuvalu,Beverages,186138
Tuvalu,Baby Food,224270
Tuvalu,Office Supplies,200048
Tuvalu,Clothes,213277
Tuvalu,Cosmetics,237121
Tuvalu,Vegetables,220946
Tuvalu,Snacks,206912
Uganda,Snacks,197212
Uganda,Beverages,213463
Uganda,Personal Care,168509
Uganda,Household,230227
Uganda,Cereal,315978
Uganda,Office Supplies,233690
Uganda,Fruits,230303
Uganda,Meat,219721
Uganda,Baby Food,254782
Uganda,Cosmetics,236551
Uganda,Vegetables,215188
Uganda,Clothes,241310
Ukraine,Snacks,220517
Ukraine,Fruits,209978
Ukraine,Clothes,198252
Ukraine,Meat,210448
Ukraine,Cereal,318650
Ukraine,Cosmetics,208571
Ukraine,Household,269750
Ukraine,Office Supplies,173525
Ukraine,Beverages,173866
Ukraine,Vegetables,206111
Ukraine,Baby Food,232519
Ukraine,Personal Care,192312
United Arab Emirates,Office Supplies,148624
United Arab Emirates,Meat,241053
United Arab Emirates,Baby Food,179915
United Arab Emirates,Beverages,209817
United Arab Emirates,Fruits,197464
United Arab Emirates,Cosmetics,277476
United Arab Emirates,Cereal,199806
United Arab Emirates,Personal Care,224229
United Arab Emirates,Vegetables,210537
United Arab Emirates,Clothes,349936
United Arab Emirates,Household,277067
United Arab Emirates,Snacks,210966
United Kingdom,Snacks,218283
United Kingdom,Baby Food,182296
United Kingdom,Meat,191147
United Kingdom,Office Supplies,205501
United Kingdom,Clothes,243761
United Kingdom,Vegetables,210723
United Kingdom,Cereal,207260
United Kingdom,Fruits,159814
United Kingdom,Personal Care,234825
United Kingdom,Beverages,240405
United Kingdom,Household,247447
United Kingdom,Cosmetics,249353
United States of America,Office Supplies,132453
United States of America,Personal Care,237751
United States of America,Beverages,246223
United States of America,Vegetables,215384
United States of America,Snacks,147138
United States of America,Baby Food,282685
United States of America,Meat,222758
United States of America,Fruits,197279
United States of America,Household,215005
United States of America,Cosmetics,163924
United States of America,Clothes,210859
United States of America,Cereal,277327
Uzbekistan,Beverages,235637
Uzbekistan,Meat,194540
Uzbekistan,Clothes,194917
Uzbekistan,Household,215593
Uzbekistan,Fruits,212754
Uzbekistan,Vegetables,136664
Uzbekistan,Cosmetics,282258
Uzbekistan,Baby Food,238909
Uzbekistan,Personal Care,251468
Uzbekistan,Snacks,196473
Uzbekistan,Office Supplies,199206
Uzbekistan,Cereal,168196
Vanuatu,Household,205107
Vanuatu,Baby Food,183559
Vanuatu,Fruits,239233
Vanuatu,Clothes,239429
Vanuatu,Meat,242566
Vanuatu,Vegetables,189783
Vanuatu,Cereal,222736
Vanuatu,Office Supplies,213586
Vanuatu,Beverages,256521
Vanuatu,Personal Care,219871
Vanuatu,Cosmetics,182807
Vanuatu,Snacks,271557
Vatican City,Beverages,277255
Vatican City,Office Supplies,209990
Vatican City,Personal Care,205789
Vatican City,Household,242844
Vatican City,Vegetables,254496
Vatican City,Clothes,306889
Vatican City,Fruits,221517
Vatican City,Cereal,184056
Vatican City,Meat,222541
Vatican City,Snacks,212725
Vatican City,Baby Food,278970
Vatican City,Cosmetics,209416
Vietnam,Cereal,237686
Vietnam,Household,208964
Vietnam,Beverages,216935
Vietnam,Fruits,241128
Vietnam,Baby Food,198394
Vietnam,Clothes,241258
Vietnam,Snacks,230301
Vietnam,Vegetables,227392
Vietnam,Meat,197889
Vietnam,Personal Care,222207
Vietnam,Office Supplies,146619
Vietnam,Cosmetics,203154
Yemen,Fruits,216111
Yemen,Vegetables,245923
Yemen,Cereal,276508
Yemen,Cosmetics,195916
Yemen,Meat,234441
Yemen,Snacks,257851
Yemen,Beverages,336903
Yemen,Personal Care,204313
Yemen,Household,228562
Yemen,Baby Food,280465
Yemen,Office Supplies,307741
Yemen,Clothes,181785
Zambia,Cosmetics,236787
Zambia,Personal Care,210396
Zambia,Vegetables,218954
Zambia,Household,167115
Zambia,Beverages,261650
Zambia,Snacks,210462
Zambia,Cereal,217181
Zambia,Office Supplies,270323
Zambia,Baby Food,208818
Zambia,Fruits,251203
Zambia,Clothes,168646
Zambia,Meat,275974
Zimbabwe,Snacks,205024
Zimbabwe,Cereal,255966
Zimbabwe,Meat,223688
Zimbabwe,Personal Care,184792
Zimbabwe,Clothes,180589
Zimbabwe,Office Supplies,243685
Zimbabwe,Baby Food,256453
Zimbabwe,Beverages,195697
Zimbabwe,Household,216573
Zimbabwe,Vegetables,204311
Zimbabwe,Fruits,178154
Zimbabwe,Cosmetics,223324
